league;season;match;match_slug;team;player_id;name;short_name;match_name;shirt_number;position;pos_side;formation_place;accuratePass;gameStarted;goalKicks;goalsConceded;minsPlayed;saves;totalPass;formationPlace;blockedScoringAtt;cornerTaken;fouls;lostCorners;shotOffTarget;totalClearance;totalScoringAtt;totalTackle;totalThrows;wonCorners;wonTackle;wasFouled;totalSubOff;totalOffside;goalAssist;goals;ontargetScoringAtt;totalSubOn;yellowCard
73;2526;2agwdhyd4f3pb3wugya4art3o;rso-elc;63f5h8t5e9qm1fqmvfkb23ghh;w503zyr8ipyobglth281uklx;Alejandro Remiro Gargallo;Álex Remiro;Álex Remiro;1;Goalkeeper;Centre;1;24;1;2;1;90;4;40;1;0;0;0;0;0;0;0;0;0;0;0;0;0;0;0;0;0;0;0
73;2526;2agwdhyd4f3pb3wugya4art3o;rso-elc;63f5h8t5e9qm1fqmvfkb23ghh;d4tdx2ctadv6kc3tbq4as8bmx;Sergio Gómez Martín;Sergio Gómez;Sergio Gómez;17;Defender;Left;3;21;1;0;1;90;0;26;3;1;1;2;1;1;3;2;2;8;1;2;0;0;0;0;0;0;0;0
73;2526;2agwdhyd4f3pb3wugya4art3o;rso-elc;63f5h8t5e9qm1fqmvfkb23ghh;6gymgqxnu2zavuxgp6amm3zkl;Duje Ćaleta-Car;Duje Caleta-Car;D. Ćaleta-Car;16;Defender;Left/Centre;6;16;1;3;1;90;0;21;6;0;0;1;0;0;3;0;1;0;0;1;0;0;0;0;0;0;0;0
73;2526;2agwdhyd4f3pb3wugya4art3o;rso-elc;63f5h8t5e9qm1fqmvfkb23ghh;48gjuou5eashpj8wbwd18iju1;Igor Zubeldia Elorza;Igor Zubeldia;Igor Zubeldia;5;Defender;Centre/Right;5;31;1;0;1;90;0;37;5;0;0;4;1;0;3;0;2;0;0;1;1;0;0;0;0;0;0;0
73;2526;2agwdhyd4f3pb3wugya4art3o;rso-elc;63f5h8t5e9qm1fqmvfkb23ghh;5nluxvc0wi0u1d5zcy7be5rkl;Álvaro Odriozola Arzallus;Álvaro Odriozola;Álvaro Odriozola;20;Defender;Right;2;10;1;0;1;65;0;12;2;0;0;0;0;0;1;0;1;5;0;0;0;1;0;0;0;0;0;0
73;2526;2agwdhyd4f3pb3wugya4art3o;rso-elc;63f5h8t5e9qm1fqmvfkb23ghh;aka2yqxmqpioxc1qzkl62ejv8;Pablo Marín Tejada;Pablo Marín;Pablo Marín;15;Midfielder;Left;11;9;1;0;1;90;0;11;11;0;0;2;0;0;1;0;0;0;0;0;3;0;1;0;0;0;0;0
73;2526;2agwdhyd4f3pb3wugya4art3o;rso-elc;63f5h8t5e9qm1fqmvfkb23ghh;dsmcqfl0e1be4ag7czbnolo15;Carlos Soler Barragán;Carlos Soler;Carlos Soler;18;Midfielder;Left/Centre;8;15;1;0;1;82;0;20;8;0;1;0;1;0;0;0;1;0;0;1;0;1;0;0;0;0;0;0
73;2526;2agwdhyd4f3pb3wugya4art3o;rso-elc;63f5h8t5e9qm1fqmvfkb23ghh;706la37b8u3v3n6mqtbjs73mc;Jon Gorrotxategi Etxaniz;Jon Gorrotxategi;Jon Gorrotxategi;4;Midfielder;Centre/Right;4;21;1;0;1;90;0;28;4;0;0;1;1;1;2;1;2;0;0;0;0;0;0;1;0;0;0;0
73;2526;2agwdhyd4f3pb3wugya4art3o;rso-elc;63f5h8t5e9qm1fqmvfkb23ghh;7pmigpf4yfi6dfih8e1ogdwb9;Gonçalo Manuel Ganchinho Guedes;Gonçalo Manuel Ganchinho Guedes;Gonçalo Guedes;11;Midfielder;Right;7;11;1;0;1;65;0;16;7;0;0;1;0;0;0;0;0;0;0;0;0;1;1;1;0;0;0;0
73;2526;2agwdhyd4f3pb3wugya4art3o;rso-elc;63f5h8t5e9qm1fqmvfkb23ghh;b45ryclny991bm7qosieyg1cl;Mikel Oyarzabal Ugarte;Mikel Oyarzabal;Mikel Oyarzabal;10;Striker;Left/Centre;9;20;1;0;1;82;0;26;9;0;0;0;0;1;2;2;1;0;0;1;1;1;0;0;1;1;0;0
73;2526;2agwdhyd4f3pb3wugya4art3o;rso-elc;63f5h8t5e9qm1fqmvfkb23ghh;9x5uo2wkxp9fk1arygbkl6u0a;Luka Sučić;Luka Sucic;L. Sučić;24;Striker;Centre/Right;10;5;1;0;0;29;0;6;10;0;0;0;0;0;0;1;0;0;0;0;1;1;0;0;1;1;0;0
73;2526;2agwdhyd4f3pb3wugya4art3o;rso-elc;63f5h8t5e9qm1fqmvfkb23ghh;ezbplvktzcvzh5kwur32110mi;Jon Mikel Aramburu Mejías;Jon Aramburu;J. Aramburu;2;Substitute;Defender;0;8;0;0;0;25;0;9;0;0;0;2;0;0;0;0;2;7;1;2;0;0;0;0;0;0;1;0
73;2526;2agwdhyd4f3pb3wugya4art3o;rso-elc;63f5h8t5e9qm1fqmvfkb23ghh;c320492cbp1otejfp1i1oane1;Yangel Clemente Herrera Ravelo;Yangel Herrera;Y. Herrera;12;Substitute;Midfielder;0;6;0;0;0;8;0;9;0;0;0;0;0;0;0;0;0;0;0;0;0;0;0;0;0;0;1;0
73;2526;2agwdhyd4f3pb3wugya4art3o;rso-elc;63f5h8t5e9qm1fqmvfkb23ghh;1fcmd6qaiira468e8mph4sis4;Job Nguono Ochieng;Job Ochieng;J. Ochieng;47;Substitute;Attacker;0;9;0;0;0;25;0;12;0;0;0;0;0;0;0;0;1;0;0;0;0;0;0;0;0;0;1;0
73;2526;2agwdhyd4f3pb3wugya4art3o;rso-elc;63f5h8t5e9qm1fqmvfkb23ghh;et849xmcdgsy5itb8i4w7qkq2;Beñat Turrientes Imaz;Beñat Turrientes;Beñat Turrientes;8;Substitute;Midfielder;0;19;0;0;1;61;0;20;0;0;0;0;0;3;0;3;2;0;0;2;2;0;0;0;0;0;1;0
73;2526;2agwdhyd4f3pb3wugya4art3o;rso-elc;63f5h8t5e9qm1fqmvfkb23ghh;euur9yvhgrieu4kl0vdkh244q;Orri Steinn Óskarsson;Orri Óskarsson;O. Óskarsson;9;Substitute;Attacker;0;1;0;0;0;8;0;3;0;0;0;1;0;1;0;2;0;0;0;0;0;0;0;0;1;1;1;0
73;2526;2agwdhyd4f3pb3wugya4art3o;rso-elc;4yg9ttzw0m51048doksv8uq5r;4mxx1oxkiexm0ha34utcmb17t;Ignacio Peña Sotorres;Iñaki Peña;Iñaki Peña;13;Goalkeeper;Centre;1;60;1;2;3;90;0;81;1;0;0;0;0;0;3;0;0;0;0;0;0;0;0;0;0;0;0;0
73;2526;2agwdhyd4f3pb3wugya4art3o;rso-elc;4yg9ttzw0m51048doksv8uq5r;clrlsy05spf55w39f84b7p3sa;John Chetauya Nwankwo Donald Okeh;John Donald;John Donald;18;Defender;Left/Centre;6;25;1;0;2;55;0;27;6;0;0;0;0;0;1;0;0;4;0;0;0;1;0;0;0;0;0;0
73;2526;2agwdhyd4f3pb3wugya4art3o;rso-elc;4yg9ttzw0m51048doksv8uq5r;8nbnru9t2qxaotxw0hiaocdt5;Víctor Chust García;Victor Chust;Víctor Chust;23;Defender;Centre;4;81;1;5;2;72;0;82;4;0;0;1;0;0;0;0;0;0;0;0;0;1;0;0;0;0;0;0
73;2526;2agwdhyd4f3pb3wugya4art3o;rso-elc;4yg9ttzw0m51048doksv8uq5r;7o7vwlqxknci1fymzkn9hug6i;David Affengruber;David Affengruber;D. Affengruber;22;Defender;Centre/Right;5;61;1;0;3;90;0;68;5;0;0;1;0;1;1;1;2;1;0;1;0;0;0;0;0;0;0;1
73;2526;2agwdhyd4f3pb3wugya4art3o;rso-elc;4yg9ttzw0m51048doksv8uq5r;90ga4jxu6ydpoliajft8w9y39;Aleix Febas Pérez;Aleix Febas;Aleix Febas;14;Defensive Midfielder;Centre;8;61;1;0;3;90;0;69;8;0;0;1;0;0;2;1;1;0;0;0;1;0;0;0;0;1;0;1
73;2526;2agwdhyd4f3pb3wugya4art3o;rso-elc;4yg9ttzw0m51048doksv8uq5r;5mgmcero3ui4a24v1w1upx3sa;Germán Valera Karabinaite;Germán Valera;Germán Valera;11;Midfielder;Left;3;29;1;0;3;90;0;38;3;1;2;1;0;1;0;2;0;2;1;0;0;0;0;0;0;0;0;0
73;2526;2agwdhyd4f3pb3wugya4art3o;rso-elc;4yg9ttzw0m51048doksv8uq5r;dfss2zdkn61bbq312zhxlddyh;Léo Pétrot;Léo Pétrot;L. Pétrot;21;Midfielder;Right;2;43;1;0;2;73;0;50;2;0;0;0;1;0;0;0;6;4;0;4;2;1;0;0;0;0;0;0
73;2526;2agwdhyd4f3pb3wugya4art3o;rso-elc;4yg9ttzw0m51048doksv8uq5r;dkdy6ighxc2j05suqc2odry3u;Martim Carvalho Neto;Martim Carvalho Neto;Martim Neto;16;Attacking Midfielder;Left/Centre;11;19;1;0;2;55;0;21;11;0;1;0;0;0;1;0;0;0;0;0;1;1;0;0;0;0;0;0
73;2526;2agwdhyd4f3pb3wugya4art3o;rso-elc;4yg9ttzw0m51048doksv8uq5r;dce6e4b9ckqkxj1zpsh8poz55;Grady George Diangana;Grady Diangana;G. Diangana;19;Attacking Midfielder;Centre/Right;7;26;1;0;2;79;0;29;7;0;0;1;0;2;0;2;2;0;1;1;2;1;0;0;0;0;0;1
73;2526;2agwdhyd4f3pb3wugya4art3o;rso-elc;4yg9ttzw0m51048doksv8uq5r;dhhmffih4gl51nlu92hfctqs5;André Miguel Valente da Silva;André Miguel Valente da Silva;André Silva;9;Striker;Left/Centre;10;18;1;0;3;90;0;21;10;0;0;1;0;1;1;4;1;1;0;1;6;0;0;0;1;3;0;0
73;2526;2agwdhyd4f3pb3wugya4art3o;rso-elc;4yg9ttzw0m51048doksv8uq5r;osme4gegtnhlldt4lsqf56ac;Álvaro Daniel Rodríguez Muñoz;Álvaro Rodríguez;Á. Rodríguez;20;Striker;Centre/Right;9;14;1;0;3;90;0;25;9;0;0;1;0;0;0;1;0;0;1;0;0;0;0;0;0;1;0;0
73;2526;2agwdhyd4f3pb3wugya4art3o;rso-elc;4yg9ttzw0m51048doksv8uq5r;z0qe6u5fvgrjy0jzk1qhbgq2;Marc Aguado Pallarés;Marc Aguado;Marc Aguado;8;Substitute;Midfielder;0;31;0;0;1;35;0;35;0;0;0;0;0;0;0;0;2;0;0;1;1;0;0;0;0;0;1;0
73;2526;2agwdhyd4f3pb3wugya4art3o;rso-elc;4yg9ttzw0m51048doksv8uq5r;33r4ae8aivh27ho0ix9mnkedx;Pedro Bigas Rigo;Pedro Bigas;Pedro Bigas;6;Substitute;Defender;0;15;0;2;1;18;0;18;0;0;0;0;1;0;2;0;0;0;0;0;0;0;0;0;0;0;1;0
73;2526;2agwdhyd4f3pb3wugya4art3o;rso-elc;4yg9ttzw0m51048doksv8uq5r;d87uduceapind7lgv6273xedw;Lucas Antonio Cepeda Barturen;Lucas Cepeda;L. Cepeda;24;Substitute;Attacker;0;3;0;0;1;17;0;3;0;0;1;0;0;0;0;0;1;0;1;1;1;0;0;0;0;0;1;0
73;2526;2agwdhyd4f3pb3wugya4art3o;rso-elc;4yg9ttzw0m51048doksv8uq5r;8rprxly1blrhq9cwhfqoheeax;Adrià Giner Pedrosa;Adrià Pedrosa;Adrià Pedrosa;3;Substitute;Defender;0;13;0;0;1;35;0;19;0;0;0;0;0;0;0;0;0;7;0;0;0;0;0;0;0;0;1;0
73;2526;2agwdhyd4f3pb3wugya4art3o;rso-elc;4yg9ttzw0m51048doksv8uq5r;bh4a2zneilpvi1t7etuhkfl61;Gonzalo Villar del Fraile;Gonzalo Villar;Gonzalo Villar;12;Substitute;Midfielder;0;5;0;0;1;11;0;6;0;0;0;1;0;0;1;0;1;1;0;0;0;0;0;0;0;0;1;1
